tx_hash,chain,from_address,to_address,value_eth,gas_used,gas_price,timestamp,block_number,status
0x226ce8355c824cd0bb0a66e8953f61d575d2a445b188b86f44c9c163c0e23824,Ethereum,0xd8da6bf26964af9d7eed9e03e53415d37aa96045,0xaf73dd51d1eb8a079bb097f39c832cdd00ac691c,0.0,101535,218672010,1784290043,25552303,Success
0xbed06f8490e52d4958b41383d9767fd60cbd79a3e203be04b4b5fb521fe8ed5d,Ethereum,0xd8da6bf26964af9d7eed9e03e53415d37aa96045,0xa27ec0006e59f245217ff08cd52a7e8b169e62d2,0.0,46389,135923571,1784290019,25552301,Success
0xffd424b5fc515ef77363eaac240d3ac7566901cbe2ce09c5dda5ad7563db2484,Ethereum,0xd8da6bf26964af9d7eed9e03e53415d37aa96045,0xd828031b12a8dad99c0c8e8a7dc67cbd5d718db6,0.01,111423,157038369,1784289599,25552266,Success
0x01127302bbb8577ab431d94c690ab77d2e276590363794154d1efe391ca470dd,Ethereum,0xc0b298bfa26eb8991f5977d710056f8ebaea7440,0xd8da6bf26964af9d7eed9e03e53415d37aa96045,7.67e-05,21062,80547793,1784277035,25551223,Success
0xfffb2c0d5f60c9081984838014679ec9513e82e84a341545a9978654d0f23bb8,Ethereum,0xd8da6bf26964af9d7eed9e03e53415d37aa96045,0xaf73dd51d1eb8a079bb097f39c832cdd00ac691c,0.0,101547,99616354,1784272523,25550847,Success
0xbe7239491e8c029d4a140af4825aa0e923335633f0b7ffbb6a4b46f752d90868,Ethereum,0xd8da6bf26964af9d7eed9e03e53415d37aa96045,0xa27ec0006e59f245217ff08cd52a7e8b169e62d2,0.0,46377,101968670,1784272487,25550844,Success
0x6d746dedb641ed6a57eb6c8cc6e18c7d0516694186baa90156b099e24c0bf15e,Ethereum,0xd8da6bf26964af9d7eed9e03e53415d37aa96045,0x6181a4c5566051081b70d9348db673ee83ca0313,0.01,21000,259577104,1784257607,25549607,Success
0xdc0901eb620eebc6fad9872e64ef68de0e7abca9ddcf7c45578a49bf42f394e3,Ethereum,0xd8da6bf26964af9d7eed9e03e53415d37aa96045,0xa27ec0006e59f245217ff08cd52a7e8b169e62d2,0.0,51595,219045541,1784257583,25549605,Success
0xd64b1cd0ca3994f99e56e45e84c653842442bef638de246964db0ac584336566,Ethereum,0xd8da6bf26964af9d7eed9e03e53415d37aa96045,0x6181a4c5566051081b70d9348db673ee83ca0313,0.01,21000,322782178,1784212223,25545837,Success
0x7ed41775cc316237289bef18967acc3cd1e5263b8359b81f85dc9345e9fe14a2,Ethereum,0x82eb45562f991329ed2867f43fc60f0ba52c3dab,0xd8da6bf26964af9d7eed9e03e53415d37aa96045,0.01,21062,1170612864,1784209379,25545600,Success
0x47b1c675b3defc3607154d2b1d8ca0a2944a87824884902056b771c7556aae37,Ethereum,0xd8da6bf26964af9d7eed9e03e53415d37aa96045,0x64ca7e6c4290d66f95785ade245f4947fb623d52,0.0,81836,184301172,1784207375,25545433,Success
0xa44a4186fb1f6946ef5cb002b0ff5779b524c81e87c3613283b169dd10b98923,Ethereum,0xd8da6bf26964af9d7eed9e03e53415d37aa96045,0x64ca7e6c4290d66f95785ade245f4947fb623d52,0.001,94340,189109262,1784193227,25544259,Success
0xf09b84fc9cdfd2274eead7459256810860a331f0cdab298f9f362ef66fe89461,Ethereum,0xd8da6bf26964af9d7eed9e03e53415d37aa96045,0x64ca7e6c4290d66f95785ade245f4947fb623d52,0.001,128540,161109816,1784192627,25544209,Success
0x5db7536203180a2156c2533f30aea2df2100add5ab10fe0eef7c9eb04fee053b,Ethereum,0xd8da6bf26964af9d7eed9e03e53415d37aa96045,0x4e59b44847b379578588920ca78fbf26c0b4956c,0.0,675401,182140123,1784191055,25544079,Success
0x40955a4b05d80c80ba1c8021e47663a9916ad248d408244e97e7c8923ac7e4c4,Ethereum,0xd8da6bf26964af9d7eed9e03e53415d37aa96045,0x4e59b44847b379578588920ca78fbf26c0b4956c,0.0,675401,71841896,1784185487,25543617,Success
0xc95ff8b4d600331d9f6065f2e9db598dfb11d8f2e9accabbeb8073ea06c14ec9,Ethereum,0xd8da6bf26964af9d7eed9e03e53415d37aa96045,0x4e59b44847b379578588920ca78fbf26c0b4956c,0.0,675401,94467294,1784184347,25543523,Success
0x1929c06ac805e34babaec9ad9002a278fc5ea8720e684f22fa60d248fc970d66,Ethereum,0xd8da6bf26964af9d7eed9e03e53415d37aa96045,0x4e59b44847b379578588920ca78fbf26c0b4956c,0.0,675401,70658006,1784183231,25543431,Success
0x8329e54e1a098ba38cc5bccaed610db3cb22482da50cb8a7ed4eb27dfd6bd447,Ethereum,0xd8da6bf26964af9d7eed9e03e53415d37aa96045,0x4e59b44847b379578588920ca78fbf26c0b4956c,0.0,675401,98717349,1784182331,25543356,Success
0x25726cd6533e203edfa43367496887ae1de8015918a784e264690f37cdf89a53,Ethereum,0xbf7da1f568684889a69a5bed9f1311f703985590,0xd8da6bf26964af9d7eed9e03e53415d37aa96045,0.0,27080,215293744,1784129627,25538978,Success
0x243b34edf7bbda3cb98c185b4e797aac81d2f42e6a887308ef81834ebfcad15a,Ethereum,0xd8da6bf26964af9d7eed9e03e53415d37aa96045,0xaf73dd51d1eb8a079bb097f39c832cdd00ac691c,0.0,101559,421336890,1784126267,25538700,Success
0xad415e58557ecf3b80ca735ab4a5a5f374a05480b092d74649f0514e884ebef1,Ethereum,0xd8da6bf26964af9d7eed9e03e53415d37aa96045,0xa27ec0006e59f245217ff08cd52a7e8b169e62d2,0.0,29289,713581854,1784126003,25538678,Success
0xc70696af7c3cadcd842bd74ca4503780148911069818ed52bab57291793f9892,Ethereum,0x43136269f93ad45e7cb16411f61786e2681a3642,0xd8da6bf26964af9d7eed9e03e53415d37aa96045,5.1601072721483e-05,21062,1277808845,1784124755,25538574,Success
0x2f0e90372f809e447728245e299db44925e9527582b2e931945b50d49b66f6b8,Ethereum,0xd8da6bf26964af9d7eed9e03e53415d37aa96045,0xa27ec0006e59f245217ff08cd52a7e8b169e62d2,0.0,46377,1685105238,1784120723,25538239,Success
0xa5d19fb0bc77e33cd345160aff06de9fa088732b14c5ad4640cbc0f43551a050,Ethereum,0xd8da6bf26964af9d7eed9e03e53415d37aa96045,0xaf73dd51d1eb8a079bb097f39c832cdd00ac691c,0.0,118659,451210070,1784118731,25538074,Success
0x40a1db57c9f9f61e5965a8bf5026b8e19fec407a28a242b8364dfabbd7625072,Ethereum,0xd8da6bf26964af9d7eed9e03e53415d37aa96045,0xa27ec0006e59f245217ff08cd52a7e8b169e62d2,0.0,46389,802648388,1784118695,25538071,Success
0x89b5da87502213b36d35b4c9a08d1f9a5eec5e8a23614a06642013518efd7442,Ethereum,0xbbbbbd1d835368974fee3ea31fe4faf97d330bb6,0xd8da6bf26964af9d7eed9e03e53415d37aa96045,0.0,21062,150008034,1784105183,25536948,Success
0xb7b9a53449d8f1d6f18b4ef96ec18e7c2c4649f66d08d1b8ae54ff6be2d4954c,Ethereum,0xd8da6bf26964af9d7eed9e03e53415d37aa96045,0x4e59b44847b379578588920ca78fbf26c0b4956c,0.0,670092,103378368,1784087699,25535494,Success
0xecf81faf4f711400257e56426d075579ab08f0be70deda94f553330008609df7,Ethereum,0xd8da6bf26964af9d7eed9e03e53415d37aa96045,0x1197be4274ef1454d59f720fd82b8d4f57578032,0.001,137000,1484740910,1784035979,25531206,Success
0x001fed9922b4d885bd1b9ff4df520fbd8a12772a2da7427341ad29efea6e1c9e,Ethereum,0xd8da6bf26964af9d7eed9e03e53415d37aa96045,0x4e59b44847b379578588920ca78fbf26c0b4956c,0.0,670092,1945331996,1784034707,25531100,Success
0xea6a6ed5bb83c4b3b6f55e519e801e90640c9e7635a35c88219a29b67081992b,Ethereum,0xd8da6bf26964af9d7eed9e03e53415d37aa96045,0xe2060735ecf34e1bd47982f3167f0ef03cac4d9e,0.001,137000,123704916,1784030843,25530779,Success
0x2f71f4ef520593ee2bde2cb2d31e1da739e01dcb200006af3d87d996ed9e3efe,Ethereum,0xd8da6bf26964af9d7eed9e03e53415d37aa96045,0x4e59b44847b379578588920ca78fbf26c0b4956c,0.0,670068,162614978,1784030627,25530761,Success
0xd2deddaddc1a2ae59af3fc07cd929073775d96693157f7fec5675e709e655354,Ethereum,0xd8da6bf26964af9d7eed9e03e53415d37aa96045,0x4e59b44847b379578588920ca78fbf26c0b4956c,0.0,670092,126743409,1784030051,25530713,Success
0x5d69712fdba750def82ae81df22e9fffaf60654e02f26f13a084da205286b39b,Ethereum,0xd8da6bf26964af9d7eed9e03e53415d37aa96045,0x4e59b44847b379578588920ca78fbf26c0b4956c,0.0,670056,172559103,1784029379,25530657,Success
0x504cc5fdb8b8fd70afe460c499615769e924f019a14b9decfba00bd015db9cce,Ethereum,0xd8da6bf26964af9d7eed9e03e53415d37aa96045,0x2891f8b941067f8b5a3f34545a30cf71e3e23617,0.0,110052,188950168,1784024783,25530275,Success
0x15fcf408b6f335af7dcda0e625d392bae04c127ae43115cac55cf716322c0745,Ethereum,0xd8da6bf26964af9d7eed9e03e53415d37aa96045,0xa27ec0006e59f245217ff08cd52a7e8b169e62d2,0.0,46389,169905030,1784024747,25530272,Success
0xf6e412a82b5e8573511120d145f0ca38b60216549b166592caa96ee703163d6a,Ethereum,0xd8da6bf26964af9d7eed9e03e53415d37aa96045,0x2891f8b941067f8b5a3f34545a30cf71e3e23617,0.0,110052,251684009,1784018723,25529771,Success
0xffcd058f626b27928ffef43cc62d625cfc1afb8ee503243a82a420b8ac458ae5,Ethereum,0xd8da6bf26964af9d7eed9e03e53415d37aa96045,0xa27ec0006e59f245217ff08cd52a7e8b169e62d2,0.0,46401,275642287,1784018699,25529769,Success
0xc979ff89f48bf69678bb506f1cc77db4387dd938d3d8389df943ef57a1aab8af,Ethereum,0xd8da6bf26964af9d7eed9e03e53415d37aa96045,0x2891f8b941067f8b5a3f34545a30cf71e3e23617,0.0,110064,230898842,1784018363,25529741,Success
0x1d9b1e01c0a9b6c1db492b533cf565bbccfcfb00e5b8f5f684a5ab724d5e3c8e,Ethereum,0xd8da6bf26964af9d7eed9e03e53415d37aa96045,0xd8da6bf26964af9d7eed9e03e53415d37aa96045,0.0,58287,183600422,1784018339,25529739,Success
0x3522962b0b702fae77a61271f3657f70aef24c230f4dd8a1c0fb091eadeb4d22,Ethereum,0xd8da6bf26964af9d7eed9e03e53415d37aa96045,0x2891f8b941067f8b5a3f34545a30cf71e3e23617,0.0,110052,215438701,1784016623,25529598,Success
0x410347d967cb22b2f53441314c7ed309fdb8071b8c9547ee0cae35227ad79717,Ethereum,0xd8da6bf26964af9d7eed9e03e53415d37aa96045,0xa27ec0006e59f245217ff08cd52a7e8b169e62d2,0.0,46401,185022192,1784016587,25529595,Success
0x510d4208f0a5625bc7ac0a5daac6cd0ea42c01cf718f82b4c8191850088f6112,Ethereum,0xd8da6bf26964af9d7eed9e03e53415d37aa96045,0x4e59b44847b379578588920ca78fbf26c0b4956c,0.0,670056,174645834,1784016431,25529582,Success
0x1405dd5856ba83f0c53c76c2e672ce0e729ccf71e35bf62d649f4f223b4dd9cf,Ethereum,0xd8da6bf26964af9d7eed9e03e53415d37aa96045,,0.0,668207,190069502,1784012663,25529268,Success
0x556ee1f99e5e63430c4d01fff79470df6abf45980f5e566de95434fb709a77fd,Ethereum,0xd8da6bf26964af9d7eed9e03e53415d37aa96045,0x2891f8b941067f8b5a3f34545a30cf71e3e23617,0.0,110052,107832319,1783930343,25522434,Success
0x5f00fd30d2a95f479135abdf1132f68df03a10bd2f8362bd7985f6cefa6e937f,Ethereum,0xd8da6bf26964af9d7eed9e03e53415d37aa96045,0xa27ec0006e59f245217ff08cd52a7e8b169e62d2,0.0,46389,239382025,1783930319,25522432,Success
0x1866e7bf2f50efdd2e4a15afc1aae86cc80706c35d84a89bd2d9fc6f44666547,Ethereum,0xd8da6bf26964af9d7eed9e03e53415d37aa96045,0x2891f8b941067f8b5a3f34545a30cf71e3e23617,0.0,110040,136152129,1783872863,25517665,Success
0x84ae91607d200297bfdd8cda9829897f06c6ce73505c42651150741a4c3e0db9,Ethereum,0xd8da6bf26964af9d7eed9e03e53415d37aa96045,0xa27ec0006e59f245217ff08cd52a7e8b169e62d2,0.0,46389,135903036,1783872839,25517663,Success
0x5eee8b6e11e9aca63f45c3703a8294b5993930d65f47aaa9669777c28d969f1b,Ethereum,0xd8da6bf26964af9d7eed9e03e53415d37aa96045,0xe592427a0aece92de3edee1f18e0157c05861564,0.01,133157,128087681,1783868075,25517269,Success
0xab3150ec2de2cf6c1c2323ee847ceb763aa6f8b80ba92b2028df5fd3959331bb,Ethereum,0x5fd1d556eb4a07ec7a16d6cf0e62c0b9a446284b,0xd8da6bf26964af9d7eed9e03e53415d37aa96045,0.001,21062,110919283,1783866107,25517105,Success
0x3d097ec1be6ef52b0ce07dd38f14e3f3829d25ecb47aca8850d10aef6a984930,Ethereum,0xe0f28d9d95143858be492bdf3abbca746d0d2272,0xd8da6bf26964af9d7eed9e03e53415d37aa96045,0.0,62983,68140923,1783669031,25500740,Success
